,Year,Average_Volume
0,2021,11376.155040557513
1,2020,7906.323358167508
2,2019,10244.143227056507
3,2018,35364.179521058504
4,2017,35969.02215667316
